adduser	3.152	adduser	3.152
apt	3.0.3	apt	3.0.3
base-files	13.8+deb13u7	base-files	13.8+deb13u7
base-passwd	3.6.7	base-passwd	3.6.7
bash	5.2.37-2+b10	bash	5.2.37-2
bsdutils	1:2.41.5-0+deb13u1	util-linux	2.41.5-0+deb13u1
ca-certificates	20250419	ca-certificates	20250419
coreutils	9.7-3	coreutils	9.7-3
dash	0.5.12-12	dash	0.5.12-12
debconf	1.5.91	debconf	1.5.91
debian-archive-keyring	2025.1	debian-archive-keyring	2025.1
debianutils	5.23.2	debianutils	5.23.2
diffutils	1:3.10-4	diffutils	1:3.10-4
dpkg	1.22.22	dpkg	1.22.22
findutils	4.10.0-3	findutils	4.10.0-3
gcc-14-base	14.2.0-19	gcc-14	14.2.0-19
grep	3.11-4	grep	3.11-4
gzip	1.13-1+deb13u1	gzip	1.13-1+deb13u1
hostname	3.25	hostname	3.25
init-system-helpers	1.69~deb13u1	init-system-helpers	1.69~deb13u1
libacl1	2.3.2-2+b1	acl	2.3.2-2
libapt-pkg7.0	3.0.3	apt	3.0.3
libattr1	1:2.5.2-3	attr	1:2.5.2-3
libaudit-common	1:4.0.2-2+deb13u1	audit	1:4.0.2-2+deb13u1
libaudit1	1:4.0.2-2+deb13u1	audit	1:4.0.2-2+deb13u1
libblkid1	2.41.5-0+deb13u1	util-linux	2.41.5-0+deb13u1
libbsd0	0.12.2-2	libbsd	0.12.2-2
libbz2-1.0	1.0.8-6	bzip2	1.0.8-6
libc-bin	2.41-12+deb13u4	glibc	2.41-12+deb13u4
libc6	2.41-12+deb13u4	glibc	2.41-12+deb13u4
libcap-ng0	0.8.5-4+b1	libcap-ng	0.8.5-4
libcap2	1:2.75-10+deb13u1+b3	libcap2	1:2.75-10+deb13u1
libcrypt1	1:4.4.38-1	libxcrypt	1:4.4.38-1
libdb5.3t64	5.3.28+dfsg2-9	db5.3	5.3.28+dfsg2-9
libdebconfclient0	0.280	cdebconf	0.280
libffi8	3.4.8-2	libffi	3.4.8-2
libgcc-s1	14.2.0-19	gcc-14	14.2.0-19
libgdbm6t64	1.24-2	gdbm	1.24-2
libgmp10	2:6.3.0+dfsg-3	gmp	2:6.3.0+dfsg-3
libhogweed6t64	3.10.1-1	nettle	3.10.1-1
liblastlog2-2	2.41.5-0+deb13u1	util-linux	2.41.5-0+deb13u1
liblz4-1	1.10.0-4	lz4	1.10.0-4
liblzma5	5.8.1-1+deb13u1	xz-utils	5.8.1-1+deb13u1
libmd0	1.1.0-2+b1	libmd	1.1.0-2
libmount1	2.41.5-0+deb13u1	util-linux	2.41.5-0+deb13u1
libncursesw6	6.5+20250216-2	ncurses	6.5+20250216-2
libnettle8t64	3.10.1-1	nettle	3.10.1-1
libpam-modules	1.7.0-5	pam	1.7.0-5
libpam-modules-bin	1.7.0-5	pam	1.7.0-5
libpam-runtime	1.7.0-5	pam	1.7.0-5
libpam0g	1.7.0-5	pam	1.7.0-5
libpcre2-8-0	10.46-1~deb13u2	pcre2	10.46-1~deb13u2
libreadline8t64	8.2-6	readline	8.2-6
libseccomp2	2.6.0-2	libseccomp	2.6.0-2
libselinux1	3.8.1-1	libselinux	3.8.1-1
libsemanage-common	3.8.1-1	libsemanage	3.8.1-1
libsemanage2	3.8.1-1	libsemanage	3.8.1-1
libsepol2	3.8.1-1	libsepol	3.8.1-1
libsmartcols1	2.41.5-0+deb13u1	util-linux	2.41.5-0+deb13u1
libsqlite3-0	3.46.1-7+deb13u2	sqlite3	3.46.1-7+deb13u2
libssl3t64	3.5.7-1~deb13u2	openssl	3.5.7-1~deb13u2
libstdc++6	14.2.0-19	gcc-14	14.2.0-19
libsystemd0	257.13-1~deb13u1	systemd	257.13-1~deb13u1
libtinfo6	6.5+20250216-2	ncurses	6.5+20250216-2
libudev1	257.13-1~deb13u1	systemd	257.13-1~deb13u1
libuuid1	2.41.5-0+deb13u1	util-linux	2.41.5-0+deb13u1
libxxhash0	0.8.3-2	xxhash	0.8.3-2
libzstd1	1.5.7+dfsg-1	libzstd	1.5.7+dfsg-1
login	1:4.16.0-2+really2.41.5-0+deb13u1	util-linux	2.41.5-0+deb13u1
login.defs	1:4.17.4-2	shadow	1:4.17.4-2
mawk	1.3.4.20250131-1	mawk	1.3.4.20250131-1
mount	2.41.5-0+deb13u1	util-linux	2.41.5-0+deb13u1
ncurses-base	6.5+20250216-2	ncurses	6.5+20250216-2
ncurses-bin	6.5+20250216-2	ncurses	6.5+20250216-2
netbase	6.5	netbase	6.5
openssl	3.5.7-1~deb13u2	openssl	3.5.7-1~deb13u2
openssl-provider-legacy	3.5.7-1~deb13u2	openssl	3.5.7-1~deb13u2
passwd	1:4.17.4-2	shadow	1:4.17.4-2
perl-base	5.40.1-6+deb13u1	perl	5.40.1-6+deb13u1
readline-common	8.2-6	readline	8.2-6
sed	4.9-2+deb13u1	sed	4.9-2+deb13u1
sqv	1.3.0-3+b2	rust-sequoia-sqv	1.3.0-3
sysvinit-utils	3.14-4	sysvinit	3.14-4
tar	1.35+dfsg-3.1	tar	1.35+dfsg-3.1
tzdata	2026c-0+deb13u1	tzdata	2026c-0+deb13u1
util-linux	2.41.5-0+deb13u1	util-linux	2.41.5-0+deb13u1
zlib1g	1:1.3.dfsg+really1.3.1-1+b1	zlib	1:1.3.dfsg+really1.3.1-1
